[
  {
    "version": "1.0.2",
    "date": "1/31/2017",
    "data": [
      "Added trade and auction links.",
      "Changed subject to reflect last message subject from other user.",
      "Redesigned a few things"
    ]
  },
  {
    "version": "1.0.3",
    "date": "2/1/2017",
    "data": [
      "Changed a few layouts",
      "Added a remove messages from user button",
      "Added display of current storage used",
      "Changed notifications library",
      "Added changelog view on extension update",
      "Fixed bug when exchanging more than 1 message with a user on the same minute",
      "Added import and export buttons"
    ]
  },
  {
    "version": "1.0.4",
    "date": "2/9/2017",
    "data": [
      "Added write mail button to write to new users",
      "Fixed a notification bug",
      "Added changelog notification on extension install",
      "Added navigation for changelogs",
      "Added date to changelogs"
    ]
  },
  {
    "version": "1.0.5",
    "date": "2/24/2017",
    "data": [
      "Now when you search users, if there are no results, it will search on user messages. So you can now search by message in all users!",
      "Added date separators between messages",
      "Fixed some bugs / made some improvements to the code"
    ]
  },
  {
    "version": "1.0.6",
    "date": "4/7/2017",
    "data": [
      "Now when you right click any user lookup link in neopets, there will be an option to neochat that user, which will open/switch tab to neochat and load user messages",
      "Now avatar image above chat messages is a link to user lookup",
      "Fixed a bug causing scroll not to work after heavy use of the extension"
    ]
  },
  {
    "version": "1.0.7",
    "date": "7/25/2017",
    "data": [
      "Now when someone sends impress.openneo.net link text, it will be recognized as link",
      "Extended more user links to show neochat user on right click menu"
    ]
  },
  {
    "version": "1.0.8",
    "date": "8/19/2017",
    "data": [
      "Fixed time on messages which was 1 hour behind",
      "Fixed impressneo links to be blue instead of white when sending message"
    ]
  },
  {
    "version": "1.0.9",
    "date": "11/17/2017",
    "data": [
      "Messages received from now on will now display correct time (daylight savings fix)"
    ]
  },
  {
    "version": "1.0.10",
    "date": "1/29/2018",
    "data": [
      "Fixed a bug that made some messages not get logged when sending with NeoChat instead of normal email"
    ]
  },
  {
    "version": "1.0.11",
    "data": [
      "Fixed a bug with export/show memory usage/show updates"
    ]
  },
  {
    "version": "1.0.13",
    "data": [
      "Fixed a bug with different case sensitive usernames"
    ]
  },
  {
    "version": "1.1.0",
    "date": "4/8/2020",
    "data": [
      "Fixed NeoChat user on right click on some undetected links",
      "Searching for all messages will now show users in order of most recent message that fits the filter instead of most recently contacted user",
      "Doing control + f in a conversation will now work (jumps to highlight)",
      "Added autolinking links from items.jellyneo.net",
      "When a message fails to deliver, a draft will be saved. When looking at the neochat of the user, that draft will appear as the latest message. Click on it to copy text and then try to send it again",
      "Performance improvements"
    ]
  }, 
  {
    "version": "1.2.0",
    "date": "4/25/2020",
    "data": [
      "Added templates! Create/edit/remove with the view templates button and then use them in your chats",
      "Fixed some cases of neochat to user not working",
      "Slight layout changes",
      "Better performance in search",
      "Fixed timer/user avatar not updating/reordering upon reading a new message with tab open"
    ]
  },
  {
    "version": "1.2.1",
    "date": "4/28/2020",
    "data": [
      "Fixed chat not auto refreshing when sending messages"
    ]
  },
  {
    "version": "1.2.2",
    "date": "5/25/2020",
    "data": [
      "Fixed scolling bug on premium users"
    ]
  },
  {
    "version": "1.2.3",
    "date": "6/21/2020",
    "data": [
      "Added UnlimitedStorage permission to remove restriction of 5mb for mails. Having too many will still make searching slower though ^^"
    ]
  },
  {
    "version": "1.2.4",
    "date": "7/26/2020",
    "data": [
      "Fixed dates not showing in messages"
    ]
  }
]